name,country,price,rating,image_url,bottle_image_url,region,winery,flavor,food_pairing,grapes
Mar de Frades Albariño Atlantico 2022,Spain,22.99,4.2,images/Mar_de_Frades_Albario_Atlantico_2022.png,images/bottle_Mar_de_Frades_Albario_Atlantico_2022.png,Rías Baixas,Mar de Frades,"citrus fruit, tree fruit, earth, tropical fruit, vegetal, microbio, oak, spices, non oak, floral, red fruit, black fruit, dried fruit","Pasta, Shellfish, Vegetarian, Appetizers and snacks, Lean fish",Albariño
Domaine du Pelican Arbois Savagnin Ouillé 2023,France,50,4.1,images/Domaine_du_Pelican_Arbois_Savagnin_Ouill_2023.png,images/bottle_Domaine_du_Pelican_Arbois_Savagnin_Ouill_20.png,Jura,Domaine du Pelican,"citrus fruit, earth, tree fruit, oak, microbio, non oak, vegetal, spices, tropical fruit, floral, dried fruit, red fruit, black fruit","Mature and hard cheese, Poultry, Mushrooms, Mild and soft cheese",Chardonnay
Soalheiro Alvarinho 2023,Portugal,21.99,4.1,images/Soalheiro_Alvarinho_2023.png,images/bottle_Soalheiro_Alvarinho_2023.png,Monção e Melgaço,Soalheiro,"tree fruit, citrus fruit, earth, tropical fruit, vegetal, microbio, oak, spices, floral, non oak, red fruit, black fruit, dried fruit","Shellfish, Vegetarian, Appetizers and snacks","Arinto de Bucelas, Loureiro, Alvarinho, Azal, Avesso, Batoca"
Montevetrano Core Campania Rosso 1995,Italy,139,3.8,images/Montevetrano_Core_Campania_Rosso_1995.png,images/bottle_Montevetrano_Core_Campania_Rosso_1995.png,Campania,Montevetrano,"oak, black fruit, earth, red fruit, non oak, spices, microbio, dried fruit, floral, vegetal, citrus fruit, tree fruit, tropical fruit","Beef, Pasta, Lamb","Primitivo, Aglianico, Negroamaro, Nero d'Avola"
Leone de Castris Five Roses 2024,Italy,21.99,3.9,images/Leone_de_Castris_Five_Roses_2024.png,images/bottle_Leone_de_Castris_Five_Roses_2024.png,Salento,Leone de Castris,"red fruit, citrus fruit, earth, tree fruit, spices, floral, microbio, oak, vegetal, non oak, tropical fruit","Rich fish (salmon, tuna etc), Shellfish, Appetizers and snacks, Goat's Milk Cheese",
Bodega Garzón Reserva Albariño 2021,Uruguay,15,3.9,images/Bodega_Garzn_Reserva_Albario_2021.png,images/bottle_Bodega_Garzn_Reserva_Albario_2021.png,Maldonado,Bodega Garzón,"tree fruit, citrus fruit, earth, tropical fruit, microbio, oak, vegetal, non oak, spices, floral, dried fruit, black fruit, red fruit",,
Anselmo Mendes Contacto Alvarinho 2020,Portugal,42.99,3.8,images/Anselmo_Mendes_Contacto_Alvarinho_2020.png,images/bottle_Anselmo_Mendes_Contacto_Alvarinho_2020.png,Monção e Melgaço,Anselmo Mendes,"citrus fruit, tree fruit, earth, tropical fruit, vegetal, microbio, oak, floral, spices, non oak, red fruit, black fruit, dried fruit","Shellfish, Vegetarian, Appetizers and snacks","Arinto de Bucelas, Loureiro, Alvarinho, Azal, Avesso, Batoca"
Ramos Pinto Ruby Port,Portugal,16.99,3.6,images/Ramos_Pinto_Ruby_Port.png,images/bottle_Ramos_Pinto_Ruby_Port.png,Porto,Ramos Pinto,"oak, red fruit, black fruit, non oak, earth, spices, dried fruit, microbio, vegetal, tree fruit, floral","Sweet desserts, Mature and hard cheese, Blue cheese","Touriga Nacional, Touriga Franca, Tinta Roriz"
Benito Santos Igrexario de Saiar Albariño 2023,Spain,22,3.8,images/Benito_Santos_Igrexario_de_Saiar_Albario_2023.png,images/bottle_Benito_Santos_Igrexario_de_Saiar_Albario_20.png,Rías Baixas,Benito Santos,"citrus fruit, tree fruit, earth, tropical fruit, vegetal, microbio, non oak, oak, floral, spices, red fruit, dried fruit","Pasta, Shellfish, Vegetarian, Appetizers and snacks, Lean fish",Albariño
Zárate Balado Albariño 2023,Spain,59.99,4,images/Zrate_Balado_Albario_2023.png,images/bottle_Zrate_Balado_Albario_2023.png,Rías Baixas,Zárate,"citrus fruit, tree fruit, earth, microbio, oak, non oak, tropical fruit, spices, floral, vegetal, dried fruit, red fruit","Pasta, Shellfish, Vegetarian, Appetizers and snacks, Lean fish",Albariño
Jean Macle Château-Chalon 1992,France,415,4.3,images/Jean_Macle_Chteau_Chalon_1992.png,images/bottle_Jean_Macle_Chteau_Chalon_1992.png,Château-Chalon,Jean Macle,"non oak, microbio, oak, vegetal, earth, tree fruit, citrus fruit, dried fruit, spices, tropical fruit, black fruit, floral","Mature and hard cheese, Poultry, Mushrooms, Mild and soft cheese",Chardonnay
Lagar de Cervera Albariño 2022,Spain,25,4,images/Lagar_de_Cervera_Albario_2022.png,images/bottle_Lagar_de_Cervera_Albario_2022.png,Rías Baixas,Lagar de Cervera,"tree fruit, citrus fruit, earth, tropical fruit, microbio, vegetal, oak, floral, non oak, spices, red fruit, dried fruit, black fruit","Pasta, Shellfish, Vegetarian, Appetizers and snacks, Lean fish",Albariño
Eidosela Neboa Albarino 2024,Spain,19.99,4,images/Eidosela_Neboa_Albarino_2024.png,images/bottle_Eidosela_Neboa_Albarino_2024.png,Rías Baixas,Eidosela,"citrus fruit, tree fruit, earth, microbio, tropical fruit, vegetal, floral, oak, spices, non oak, dried fruit","Pasta, Shellfish, Vegetarian, Appetizers and snacks, Lean fish",Albariño
Perillo Taurasi 2013,Italy,72,4.1,images/Perillo_Taurasi_2013.png,images/bottle_Perillo_Taurasi_2013.png,Taurasi,Perillo,"earth, oak, black fruit, red fruit, non oak, spices, dried fruit, microbio, vegetal, tropical fruit, citrus fruit, floral","Beef, Pasta, Lamb","Primitivo, Aglianico, Negroamaro, Nero d'Avola"
Zárate El Palomar Albariño 2023,Spain,62,4.1,images/Zrate_El_Palomar_Albario_2023.png,images/bottle_Zrate_El_Palomar_Albario_2023.png,Rías Baixas,Zárate,"citrus fruit, tree fruit, earth, vegetal, microbio, tropical fruit, oak, non oak, floral, spices, dried fruit","Pasta, Shellfish, Vegetarian, Appetizers and snacks, Lean fish",Albariño
Tormaresca Negroamaro Salento Calafuria Rosato 2023,Italy,17.99,4,images/Tormaresca_Negroamaro_Salento_Calafuria_Rosato_202.png,images/bottle_Tormaresca_Negroamaro_Salento_Calafuria_Ros.png,Salento,Tormaresca,"red fruit, tree fruit, citrus fruit, earth, floral, microbio, spices, vegetal, oak, tropical fruit, non oak, black fruit, dried fruit","Rich fish (salmon, tuna etc), Shellfish, Appetizers and snacks, Goat's Milk Cheese",
Mastroberardino Taurasi Radici 2012,Italy,31.25,4.1,images/Mastroberardino_Taurasi_Radici_2012.png,images/bottle_Mastroberardino_Taurasi_Radici_2012.png,Taurasi,Mastroberardino,"oak, earth, black fruit, red fruit, non oak, spices, floral, microbio, dried fruit, vegetal, citrus fruit, tree fruit, tropical fruit","Beef, Pasta, Lamb","Primitivo, Aglianico, Negroamaro, Nero d'Avola"
Nanclares y Prieto Nanclares Albariño 2022,Spain,53,4,images/Nanclares_y_Prieto_Nanclares_Albario_2022.png,images/bottle_Nanclares_y_Prieto_Nanclares_Albario_2022.png,Rías Baixas,Nanclares y Prieto,"citrus fruit, earth, tree fruit, microbio, oak, spices, vegetal, tropical fruit, floral, non oak","Pasta, Shellfish, Vegetarian, Appetizers and snacks, Lean fish",Albariño
Campante Legado del Conde Albariño 2023,Spain,23,3.7,images/Campante_Legado_del_Conde_Albario_2023.png,images/bottle_Campante_Legado_del_Conde_Albario_2023.png,Rías Baixas,Campante,"tree fruit, citrus fruit, earth, vegetal, tropical fruit, microbio, oak, spices, non oak, red fruit, floral","Pasta, Shellfish, Vegetarian, Appetizers and snacks, Lean fish",Albariño
Albamar Pepe Luis 2022,Spain,41,4.2,images/Albamar_Pepe_Luis_2022.png,images/bottle_Albamar_Pepe_Luis_2022.png,Galicia,Albamar,"oak, citrus fruit, tree fruit, microbio, tropical fruit, non oak, spices, earth, vegetal","Pasta, Shellfish, Vegetarian, Appetizers and snacks, Lean fish",Albariño
Pazo Señorans Albariño 2022,Spain,28,4.1,images/Pazo_Seorans_Albario_2022.png,images/bottle_Pazo_Seorans_Albario_2022.png,Rías Baixas,Pazo Señorans,"tree fruit, citrus fruit, earth, tropical fruit, microbio, vegetal, oak, floral, spices, non oak, red fruit, dried fruit, black fruit","Pasta, Shellfish, Vegetarian, Appetizers and snacks, Lean fish",Albariño
Eulogio Pomares Carralcoba Blanco 2022,Spain,58,4.1,images/Eulogio_Pomares_Carralcoba_Blanco_2022.png,images/bottle_Eulogio_Pomares_Carralcoba_Blanco_2022.png,Rías Baixas,Eulogio Pomares,"earth, citrus fruit, tree fruit, non oak, oak, spices, microbio, vegetal, floral, red fruit, tropical fruit, black fruit","Pasta, Shellfish, Vegetarian, Appetizers and snacks, Lean fish",Albariño
Familia Torres Pazo das Bruxas 2023,Spain,17.99,3.9,images/Familia_Torres_Pazo_das_Bruxas_2023.png,images/bottle_Familia_Torres_Pazo_das_Bruxas_2023.png,Rías Baixas,Familia Torres,"citrus fruit, tree fruit, earth, vegetal, tropical fruit, microbio, oak, spices, non oak, floral, red fruit, black fruit, dried fruit","Pasta, Shellfish, Vegetarian, Appetizers and snacks, Lean fish",Albariño
Vinosia Luciano Ercolino Neromora Aglianico 2014,Italy,11.75,3.8,images/Vinosia_Luciano_Ercolino_Neromora_Aglianico_2014.png,images/bottle_Vinosia_Luciano_Ercolino_Neromora_Aglianico.png,Irpinia,Vinosia Luciano Ercolino,"oak, black fruit, non oak, red fruit, spices, earth, dried fruit, floral, vegetal, microbio, citrus fruit","Beef, Pasta, Lamb","Primitivo, Aglianico, Negroamaro, Nero d'Avola"
Luigi Tecce Riserva Puro Sangue 2018,Italy,110,4.3,images/Luigi_Tecce_Riserva_Puro_Sangue_2018.png,images/bottle_Luigi_Tecce_Riserva_Puro_Sangue_2018.png,Taurasi,Luigi Tecce,"oak, earth, non oak, black fruit, spices, red fruit, dried fruit, microbio","Beef, Pasta, Lamb","Primitivo, Aglianico, Negroamaro, Nero d'Avola"
Domaine de la Renardière Arbois Pupillin Les Terrasses 2022,France,69.99,4,images/Domaine_de_la_Renardire_Arbois_Pupillin_Les_Terras.png,images/bottle_Domaine_de_la_Renardire_Arbois_Pupillin_Les.png,Arbois Pupillin,Domaine de la Renardière,"citrus fruit, earth, tree fruit, non oak, oak, microbio, tropical fruit, vegetal, dried fruit, spices","Mature and hard cheese, Poultry, Mushrooms, Mild and soft cheese",Chardonnay
Albamar Albariño 2023,Spain,25,4,images/Albamar_Albario_2023.png,images/bottle_Albamar_Albario_2023.png,Rías Baixas,Albamar,"citrus fruit, earth, tree fruit, tropical fruit, microbio, oak, vegetal, spices, floral, non oak, black fruit, red fruit, dried fruit","Pasta, Shellfish, Vegetarian, Appetizers and snacks, Lean fish",Albariño
Feudi di San Gregorio Piano Montevergine Taurasi 2010,Italy,78,4.1,images/Feudi_di_San_Gregorio_Piano_Montevergine_Taurasi_2.png,images/bottle_Feudi_di_San_Gregorio_Piano_Montevergine_Ta.png,Taurasi,Feudi di San Gregorio,"oak, earth, black fruit, non oak, red fruit, spices, microbio, dried fruit, floral, vegetal, citrus fruit, tropical fruit","Beef, Pasta, Lamb","Primitivo, Aglianico, Negroamaro, Nero d'Avola"
Bouza Albariño 2023,Uruguay,27.99,4.1,images/Bouza_Albario_2023.png,images/bottle_Bouza_Albario_2023.png,Montevideo,Bouza,"tree fruit, citrus fruit, earth, oak, tropical fruit, vegetal, microbio, floral, non oak, spices, black fruit, red fruit, dried fruit",,
Francois Rousset-Martin Cuvée du Professeur Sous-Roche 2020,France,88,4.3,images/Francois_Rousset_Martin_Cuve_du_Professeur_Sous_Ro.png,images/bottle_Francois_Rousset_Martin_Cuve_du_Professeur_.png,Côtes du Jura,Francois Rousset-Martin,"non oak, oak, earth, microbio, citrus fruit, spices, vegetal, tree fruit, tropical fruit, dried fruit, floral","Mature and hard cheese, Poultry, Mushrooms, Mild and soft cheese",Chardonnay
Do Ferreiro (Bodegas Gerardo Mendez) Rias Baixas Albariño 2023,Spain,34.99,4.1,images/Do_Ferreiro_Bodegas_Gerardo_Mendez_Rias_Baixas_Alb.png,images/bottle_Do_Ferreiro_Bodegas_Gerardo_Mendez_Rias_Bai.png,Rías Baixas,Do Ferreiro (Bodegas Gerardo Mendez),"tree fruit, citrus fruit, earth, tropical fruit, microbio, vegetal, oak, floral, spices, non oak, dried fruit, red fruit","Pasta, Shellfish, Vegetarian, Appetizers and snacks, Lean fish",Albariño
Jean Bourdy Savagnin Côtes du Jura 2022,France,64.99,4,images/Jean_Bourdy_Savagnin_Ctes_du_Jura_2022.png,images/bottle_Jean_Bourdy_Savagnin_Ctes_du_Jura_2022.png,Côtes du Jura,Jean Bourdy,"earth, non oak, oak, microbio, tree fruit, vegetal, citrus fruit, spices, tropical fruit, dried fruit, floral, black fruit","Mature and hard cheese, Poultry, Mushrooms, Mild and soft cheese",Chardonnay
Zýmē From Black to White Il Bianco 2019,Italy,36.99,4,images/Zm_From_Black_to_White_Il_Bianco_2019.png,images/bottle_Zm_From_Black_to_White_Il_Bianco_2019.png,Veneto,Zýmē,"tree fruit, earth, citrus fruit, tropical fruit, microbio, vegetal, oak, floral, spices, non oak, red fruit, dried fruit, black fruit","Pasta, Shellfish, Mature and hard cheese, Lean fish, Cured Meat","Arneis, Pinot Blanc, Cortese, Tocai Friulano"
Feudi di San Gregorio Serpico 2001,Italy,86,4.1,images/Feudi_di_San_Gregorio_Serpico_2001.png,images/bottle_Feudi_di_San_Gregorio_Serpico_2001.png,Irpinia,Feudi di San Gregorio,"oak, earth, non oak, black fruit, spices, red fruit, dried fruit, microbio, vegetal, floral, citrus fruit, tree fruit, tropical fruit","Beef, Pasta, Lamb","Primitivo, Aglianico, Negroamaro, Nero d'Avola"
Di Majo Norante Contado Aglianico Riserva 2016,Italy,14.99,4,images/Di_Majo_Norante_Contado_Aglianico_Riserva_2016.png,images/bottle_Di_Majo_Norante_Contado_Aglianico_Riserva_2.png,Molise,Di Majo Norante,"oak, earth, black fruit, non oak, red fruit, spices, microbio, vegetal, dried fruit, floral, citrus fruit, tree fruit, tropical fruit","Beef, Pasta, Lamb","Primitivo, Aglianico, Negroamaro, Nero d'Avola"
Viña Nora Peitán Albariño 2023,Spain,19.99,3.6,images/Via_Nora_Peitn_Albario_2023.png,images/bottle_Via_Nora_Peitn_Albario_2023.png,Galicia,Viña Nora,"tree fruit, citrus fruit, earth, tropical fruit, microbio, oak, floral, vegetal, spices, dried fruit, red fruit, non oak","Pasta, Shellfish, Vegetarian, Appetizers and snacks, Lean fish",Albariño
Fillaboa Fillaboa Albariño 2023,Spain,19.99,4,images/Fillaboa_Fillaboa_Albario_2023.png,images/bottle_Fillaboa_Fillaboa_Albario_2023.png,Rías Baixas,Fillaboa,"citrus fruit, tree fruit, tropical fruit, earth, microbio, vegetal, oak, floral, spices, non oak, dried fruit, red fruit, black fruit","Pasta, Shellfish, Vegetarian, Appetizers and snacks, Lean fish",Albariño
Quintodecimo Taurasi Riserva 2018,Italy,220,4.4,images/Quintodecimo_Taurasi_Riserva_2018.png,images/bottle_Quintodecimo_Taurasi_Riserva_2018.png,Taurasi,Quintodecimo,"black fruit, oak, spices, red fruit, earth, non oak, dried fruit, tree fruit, floral","Beef, Pasta, Lamb","Primitivo, Aglianico, Negroamaro, Nero d'Avola"
Eulogio Pomares Castiñeiro Albariño 2021,Spain,58,4.3,images/Eulogio_Pomares_Castieiro_Albario_2021.png,images/bottle_Eulogio_Pomares_Castieiro_Albario_2021.png,Rías Baixas,Eulogio Pomares,"tree fruit, citrus fruit, earth, microbio, floral, non oak, oak, dried fruit, tropical fruit, spices, vegetal","Pasta, Shellfish, Vegetarian, Appetizers and snacks, Lean fish",Albariño
Paco & Lola Albariño 2023,Spain,20,3.9,images/Paco_Lola_Albario_2023.png,images/bottle_Paco_Lola_Albario_2023.png,Rías Baixas,Paco & Lola,"citrus fruit, tree fruit, earth, tropical fruit, vegetal, microbio, oak, non oak, spices, floral, dried fruit, black fruit, red fruit","Pasta, Shellfish, Vegetarian, Appetizers and snacks, Lean fish",Albariño
Macarico Alto Vulture Aglianico del Vulture 2023,Italy,22.99,3.8,images/Macarico_Alto_Vulture_Aglianico_del_Vulture_2023.png,images/bottle_Macarico_Alto_Vulture_Aglianico_del_Vulture.png,Aglianico del Vulture,Macarico,"earth, oak, black fruit, non oak, spices, red fruit, dried fruit, tree fruit, floral, microbio","Beef, Pasta, Lamb","Primitivo, Aglianico, Negroamaro, Nero d'Avola"
Fefiñanes Albariño de Fefiñanes 2023,Spain,22.99,4.1,images/Fefianes_Albario_de_Fefianes_2023.png,images/bottle_Fefianes_Albario_de_Fefianes_2023.png,Rías Baixas,Fefiñanes,"tree fruit, citrus fruit, earth, tropical fruit, microbio, vegetal, oak, floral, spices, non oak, dried fruit, red fruit, black fruit","Pasta, Shellfish, Vegetarian, Appetizers and snacks, Lean fish",Albariño
Nortico Alvarinho 2022,Portugal,17.99,4,images/Nortico_Alvarinho_2022.png,images/bottle_Nortico_Alvarinho_2022.png,Monção e Melgaço,Nortico,"citrus fruit, tree fruit, earth, tropical fruit, microbio, vegetal, floral, oak, spices, red fruit, non oak, dried fruit, black fruit","Shellfish, Vegetarian, Appetizers and snacks","Arinto de Bucelas, Loureiro, Alvarinho, Azal, Avesso, Batoca"
Do Ferreiro (Bodegas Gerardo Mendez) Adina Rías Baixas Albariño 2023,Spain,65,4.1,images/Do_Ferreiro_Bodegas_Gerardo_Mendez_Adina_Ras_Baixa.png,images/bottle_Do_Ferreiro_Bodegas_Gerardo_Mendez_Adina_Ra.png,Rías Baixas,Do Ferreiro (Bodegas Gerardo Mendez),"earth, tree fruit, citrus fruit, vegetal, red fruit, microbio","Pasta, Shellfish, Vegetarian, Appetizers and snacks, Lean fish",Albariño
Pedras Loiras Albariño 2024,Spain,27,4.1,images/Pedras_Loiras_Albario_2024.png,images/bottle_Pedras_Loiras_Albario_2024.png,Rías Baixas,Pedras Loiras,"citrus fruit, tree fruit, earth, tropical fruit, floral, red fruit","Pasta, Shellfish, Vegetarian, Appetizers and snacks, Lean fish",Albariño
Jean François Ganevat Antide Savagnin 2020,France,183,4.3,images/Jean_Franois_Ganevat_Antide_Savagnin_2020.png,images/bottle_Jean_Franois_Ganevat_Antide_Savagnin_2020.png,Côtes du Jura,Jean François Ganevat,"tree fruit, citrus fruit, non oak, microbio, earth, oak, spices, floral, vegetal, black fruit, tropical fruit, dried fruit","Mature and hard cheese, Poultry, Mushrooms, Mild and soft cheese",Chardonnay
Tenuta Bocca di Lupo Aglianico Castel del Monte 2015,Italy,99.99,4.2,images/Tenuta_Bocca_di_Lupo_Aglianico_Castel_del_Monte_20.png,images/bottle_Tenuta_Bocca_di_Lupo_Aglianico_Castel_del_M.png,Castel del Monte,Tenuta Bocca di Lupo,"oak, earth, black fruit, non oak, spices, red fruit, dried fruit, microbio, floral, vegetal, tree fruit, citrus fruit","Beef, Pasta, Lamb","Primitivo, Aglianico, Negroamaro, Nero d'Avola"
Agro de Bazán Granbazán Etiqueta Verde Albariño 2023,Spain,25.99,3.9,images/Agro_de_Bazn_Granbazn_Etiqueta_Verde_Albario_2023.png,images/bottle_Agro_de_Bazn_Granbazn_Etiqueta_Verde_Albari.png,Rías Baixas,Agro de Bazán,"citrus fruit, tree fruit, earth, tropical fruit, vegetal, microbio, floral, oak, non oak, spices, red fruit, dried fruit","Pasta, Shellfish, Vegetarian, Appetizers and snacks, Lean fish",Albariño
Agro de Bazán Granbazán Albariño Etiqueta Ámbar 2022,Spain,28.99,4,images/Agro_de_Bazn_Granbazn_Albario_Etiqueta_mbar_2022.png,images/bottle_Agro_de_Bazn_Granbazn_Albario_Etiqueta_mbar.png,Rías Baixas,Agro de Bazán,"citrus fruit, tree fruit, earth, tropical fruit, microbio, oak, vegetal, non oak, floral, spices, red fruit, dried fruit, black fruit","Pasta, Shellfish, Vegetarian, Appetizers and snacks, Lean fish",Albariño
Bodegas Eisdosela El Brazo Albariño 2024,Spain,19.98,3.8,images/Bodegas_Eisdosela_El_Brazo_Albario_2024.png,images/bottle_Bodegas_Eisdosela_El_Brazo_Albario_2024.png,Rías Baixas,Bodegas Eisdosela,"tree fruit, citrus fruit, earth, vegetal, oak, non oak, tropical fruit, microbio","Pasta, Shellfish, Vegetarian, Appetizers and snacks, Lean fish",Albariño
Domaine du Pelican Grand Curoulet Savagnin Ouillé 2022,France,70,4.2,images/Domaine_du_Pelican_Grand_Curoulet_Savagnin_Ouill_2.png,images/bottle_Domaine_du_Pelican_Grand_Curoulet_Savagnin_.png,Arbois,Domaine du Pelican,"earth, tree fruit, citrus fruit, microbio, oak, non oak, spices, floral, vegetal","Mature and hard cheese, Poultry, Mushrooms, Mild and soft cheese",Chardonnay
Zárate Albariño 2023,Spain,26.99,4,images/Zrate_Albario_2023.png,images/bottle_Zrate_Albario_2023.png,Rías Baixas,Zárate,"citrus fruit, tree fruit, earth, microbio, tropical fruit, oak, vegetal, non oak, spices, floral, red fruit","Pasta, Shellfish, Vegetarian, Appetizers and snacks, Lean fish",Albariño
Nanclares y Prieto Pergola Dandelion Albariño 2021,Spain,75,4,images/Nanclares_y_Prieto_Pergola_Dandelion_Albario_2021.png,images/bottle_Nanclares_y_Prieto_Pergola_Dandelion_Albari.png,Rías Baixas,Nanclares y Prieto,"citrus fruit, tree fruit, earth, vegetal, tropical fruit, floral, microbio, oak, spices, dried fruit, red fruit, non oak","Pasta, Shellfish, Vegetarian, Appetizers and snacks, Lean fish",Albariño
Benito Santos Terra de Cálago Albarino 2022,Spain,13.99,3.6,images/Benito_Santos_Terra_de_Clago_Albarino_2022.png,images/bottle_Benito_Santos_Terra_de_Clago_Albarino_2022.png,Rías Baixas,Benito Santos,"tropical fruit, tree fruit, vegetal","Pasta, Shellfish, Vegetarian, Appetizers and snacks, Lean fish",Albariño
Nanclares y Prieto Crisopa 2020,Spain,54.99,4,images/Nanclares_y_Prieto_Crisopa_2020.png,images/bottle_Nanclares_y_Prieto_Crisopa_2020.png,Rías Baixas,Nanclares y Prieto,"tree fruit, oak, non oak, citrus fruit, spices, vegetal, earth, microbio, black fruit, red fruit","Pasta, Shellfish, Vegetarian, Appetizers and snacks, Lean fish",Albariño
Martín Códax Albariño 2022,Spain,14.99,4,images/Martn_Cdax_Albario_2022.png,images/bottle_Martn_Cdax_Albario_2022.png,Rías Baixas,Martín Códax,"tree fruit, citrus fruit, vegetal, earth, tropical fruit, oak, spices, floral, microbio, non oak","Pasta, Shellfish, Vegetarian, Appetizers and snacks, Lean fish",Albariño
Luis Seabra Granito Cru Alvarinho 2022,Portugal,66,4.2,images/Luis_Seabra_Granito_Cru_Alvarinho_2022.png,images/bottle_Luis_Seabra_Granito_Cru_Alvarinho_2022.png,Monção e Melgaço,Luis Seabra,"earth, tree fruit, citrus fruit, oak, microbio, tropical fruit, vegetal, non oak, spices, floral, red fruit, black fruit","Shellfish, Vegetarian, Appetizers and snacks","Arinto de Bucelas, Loureiro, Alvarinho, Azal, Avesso, Batoca"
La Caña Albarino 2023,Spain,19.99,3.9,images/La_Caa_Albarino_2023.png,images/bottle_La_Caa_Albarino_2023.png,Rías Baixas,La Caña,"tree fruit, citrus fruit, earth, tropical fruit, microbio, oak, vegetal, floral, spices, non oak, dried fruit, black fruit, red fruit","Pasta, Shellfish, Vegetarian, Appetizers and snacks, Lean fish",Albariño
Brecon Estate Albariño 2024,United States,49,4.2,images/Brecon_Estate_Albario_2024.jpg,,Central Coast,Brecon Estate,"citrus fruit, tree fruit, earth, microbio, spices, oak, tropical fruit, floral, non oak","Pasta, Rich fish (salmon, tuna etc), Shellfish, Vegetarian, Poultry, Lean fish",
Sadie Family Treinspoor (Die Ouwingerdreeks) 2020,South Africa,89.99,4.2,images/Sadie_Family_Treinspoor_Die_Ouwingerdreeks_2020.png,images/bottle_Sadie_Family_Treinspoor_Die_Ouwingerdreeks_.png,Swartland,Sadie Family,"red fruit, earth, oak, black fruit, non oak, spices, floral, dried fruit, vegetal, citrus fruit, microbio, tree fruit, tropical fruit","Beef, Lamb, Game (deer, venison), Mushrooms",
Luigi Tecce Poliphemo Viti Vecchie Riserva 2018,Italy,110,4.3,images/Luigi_Tecce_Poliphemo_Viti_Vecchie_Riserva_2018.png,images/bottle_Luigi_Tecce_Poliphemo_Viti_Vecchie_Riserva_.png,Taurasi,Luigi Tecce,"black fruit, red fruit, spices, non oak, oak, floral","Beef, Pasta, Lamb","Primitivo, Aglianico, Negroamaro, Nero d'Avola"
Viticoltori de Conciliis Zero Supercampano d’Orta de Conciliis 1997,Italy,69.45,4.1,images/Viticoltori_de_Conciliis_Zero_Supercampano_dOrta_d.png,images/bottle_Viticoltori_de_Conciliis_Zero_Supercampano_.png,Campania,Viticoltori de Conciliis,"red fruit, black fruit, non oak, oak","Beef, Pasta, Lamb","Primitivo, Aglianico, Negroamaro, Nero d'Avola"
Francois Rousset-Martin Vigne Aux Dames 2020,France,99,4.2,images/Francois_Rousset_Martin_Vigne_Aux_Dames_2020.jpg,,Côtes du Jura,Francois Rousset-Martin,"earth, non oak, oak, tropical fruit, citrus fruit, microbio, tree fruit, spices, vegetal, floral","Mature and hard cheese, Poultry, Mushrooms, Mild and soft cheese",Chardonnay
Domaine Labet Côtes du Jura Fleur de Savagnin 2020,France,199,3.9,images/Domaine_Labet_Ctes_du_Jura_Fleur_de_Savagnin_2020.png,images/bottle_Domaine_Labet_Ctes_du_Jura_Fleur_de_Savagni.png,Côtes du Jura,Domaine Labet,"citrus fruit, tree fruit, earth, non oak, microbio, black fruit, tropical fruit, oak","Mature and hard cheese, Poultry, Mushrooms, Mild and soft cheese",Chardonnay
La Val Albariño 2023,Spain,19.99,3.8,images/La_Val_Albario_2023.png,images/bottle_La_Val_Albario_2023.png,Rías Baixas,La Val,"citrus fruit, tree fruit, earth, microbio, tropical fruit, vegetal, floral, oak, spices, non oak","Pasta, Shellfish, Vegetarian, Appetizers and snacks, Lean fish",Albariño
Klinker Brick Albariño 2019,United States,21.98,3.7,images/Klinker_Brick_Albario_2019.png,images/bottle_Klinker_Brick_Albario_2019.png,Lodi,Klinker Brick,"tree fruit, citrus fruit, earth, tropical fruit, oak, microbio, vegetal, floral, spices, non oak, red fruit, dried fruit","Pasta, Rich fish (salmon, tuna etc), Shellfish, Vegetarian, Poultry, Lean fish",
Forjas del Salnés Goliardo Finca Genoveva Caíño 2015,Spain,69,3.7,images/Forjas_del_Salns_Goliardo_Finca_Genoveva_Cao_2015.png,images/bottle_Forjas_del_Salns_Goliardo_Finca_Genoveva_Ca.png,Rías Baixas,Forjas del Salnés,"red fruit, oak, black fruit, tree fruit, citrus fruit, spices, microbio, non oak","Beef, Pasta, Veal, Poultry","Grenache, Tempranillo"
Domaine de la Tournelle Fleur de Savagnin 2017,France,59,4.2,images/Domaine_de_la_Tournelle_Fleur_de_Savagnin_2017.png,images/bottle_Domaine_de_la_Tournelle_Fleur_de_Savagnin_2.png,Arbois,Domaine de la Tournelle,"earth, oak, non oak, microbio, citrus fruit, tree fruit, spices, vegetal, dried fruit, tropical fruit, floral, red fruit, black fruit","Mature and hard cheese, Poultry, Mushrooms, Mild and soft cheese",Chardonnay
San Marzano Il Pumo Negroamaro 2023,Italy,12.99,3.8,images/San_Marzano_Il_Pumo_Negroamaro_2023.png,images/bottle_San_Marzano_Il_Pumo_Negroamaro_2023.png,Salento,San Marzano,"black fruit, red fruit, oak, spices, earth, non oak, dried fruit, microbio, vegetal, floral, citrus fruit, tree fruit, tropical fruit","Beef, Pasta, Lamb","Primitivo, Aglianico, Negroamaro, Nero d'Avola"
Crū Winery Albariño 2023,United States,20,3.8,images/Cr_Winery_Albario_2023.png,images/bottle_Cr_Winery_Albario_2023.png,Edna Valley,Crū Winery,"tree fruit, citrus fruit, microbio, tropical fruit, vegetal, earth, oak, floral, non oak","Pasta, Rich fish (salmon, tuna etc), Shellfish, Vegetarian, Poultry, Lean fish",
As Laxas Val do Sosego Albariño 2023,Spain,19.97,3.9,images/As_Laxas_Val_do_Sosego_Albario_2023.png,images/bottle_As_Laxas_Val_do_Sosego_Albario_2023.png,Rías Baixas,As Laxas,"citrus fruit, tree fruit, earth, tropical fruit, microbio, vegetal, oak, floral, spices, non oak, dried fruit, red fruit, black fruit","Pasta, Shellfish, Vegetarian, Appetizers and snacks, Lean fish",Albariño
Do Ferreiro (Bodegas Gerardo Mendez) Albariño Do Ferreiro Lourido 2023,Spain,65,4.1,images/Do_Ferreiro_Bodegas_Gerardo_Mendez_Albario_Do_Ferr.png,images/bottle_Do_Ferreiro_Bodegas_Gerardo_Mendez_Albario_.png,Rías Baixas,Do Ferreiro (Bodegas Gerardo Mendez),"tree fruit, earth, tropical fruit, citrus fruit, microbio","Pasta, Shellfish, Vegetarian, Appetizers and snacks, Lean fish",Albariño
Severino Garofano Eloquenzia 2012,Italy,14.99,3.8,images/Severino_Garofano_Eloquenzia_2012.png,images/bottle_Severino_Garofano_Eloquenzia_2012.png,Copertino,Severino Garofano,"earth, oak, red fruit, black fruit, non oak, microbio, spices, tropical fruit, floral, vegetal","Beef, Pasta, Lamb","Primitivo, Aglianico, Negroamaro, Nero d'Avola"
Chrysalis Vineyards Albariño 2023,United States,36,3.6,images/Chrysalis_Vineyards_Albario_2023.jpg,,Virginia,Chrysalis Vineyards,"tree fruit, citrus fruit, oak, floral, earth, microbio, tropical fruit, spices, non oak","Pork, Shellfish, Poultry, Appetizers and snacks, Lean fish",
Elena Fucci Titolo 2019,Italy,39.99,3.9,images/Elena_Fucci_Titolo_2019.png,images/bottle_Elena_Fucci_Titolo_2019.png,Aglianico del Vulture,Elena Fucci,"earth, oak, black fruit, non oak, red fruit, spices, microbio, floral, dried fruit, vegetal, citrus fruit, tree fruit, tropical fruit","Beef, Pasta, Lamb","Primitivo, Aglianico, Negroamaro, Nero d'Avola"
Viña Nora Albariño 2023,Spain,23.99,3.8,images/Via_Nora_Albario_2023.png,images/bottle_Via_Nora_Albario_2023.png,Rías Baixas,Viña Nora,"tree fruit, citrus fruit, earth, microbio, oak, tropical fruit, vegetal, spices, non oak, floral, red fruit, dried fruit","Pasta, Shellfish, Vegetarian, Appetizers and snacks, Lean fish",Albariño
Quintodecimo Terra d'Eclano Aglianico Irpinia 2021,Italy,72.99,4.2,images/Quintodecimo_Terra_dEclano_Aglianico_Irpinia_2021.png,images/bottle_Quintodecimo_Terra_dEclano_Aglianico_Irpini.png,Irpinia,Quintodecimo,"black fruit, oak, non oak, earth, spices, red fruit, dried fruit, floral, microbio, vegetal, citrus fruit","Beef, Pasta, Lamb","Primitivo, Aglianico, Negroamaro, Nero d'Avola"
Luigi Tecce Satyricon Irpinia Campi Taurasini 2021,Italy,53.99,4.2,images/Luigi_Tecce_Satyricon_Irpinia_Campi_Taurasini_2021.png,images/bottle_Luigi_Tecce_Satyricon_Irpinia_Campi_Taurasi.png,Irpinia,Luigi Tecce,"black fruit, earth, oak, spices, non oak, red fruit, vegetal, citrus fruit, floral, tropical fruit, microbio","Beef, Pasta, Lamb","Primitivo, Aglianico, Negroamaro, Nero d'Avola"
Marqués de Vizhoja Pazo la Moreira Albariño 2023,Spain,21.97,4,images/Marqus_de_Vizhoja_Pazo_la_Moreira_Albario_2023.png,images/bottle_Marqus_de_Vizhoja_Pazo_la_Moreira_Albario_2.png,Rías Baixas,Marqués de Vizhoja,"tree fruit, citrus fruit, vegetal, earth, microbio, oak, floral, tropical fruit, spices","Pasta, Shellfish, Vegetarian, Appetizers and snacks, Lean fish",Albariño
Terredora Aglianico Campania 2020,Italy,15.99,3.7,images/Terredora_Aglianico_Campania_2020.png,images/bottle_Terredora_Aglianico_Campania_2020.png,Campania,Terredora,"earth, red fruit, oak, black fruit, non oak, spices, microbio, floral, vegetal, dried fruit, citrus fruit, tropical fruit","Beef, Pasta, Lamb","Primitivo, Aglianico, Negroamaro, Nero d'Avola"
Jean François Ganevat Les Vignes de Mon Pere 2008,France,750,4.3,images/Jean_Franois_Ganevat_Les_Vignes_de_Mon_Pere_2008.png,images/bottle_Jean_Franois_Ganevat_Les_Vignes_de_Mon_Pere.png,Côtes du Jura,Jean François Ganevat,"earth, microbio, citrus fruit, non oak, tree fruit, oak, spices, vegetal, tropical fruit, floral","Mature and hard cheese, Poultry, Mushrooms, Mild and soft cheese",Chardonnay
Carballal Sete Cepas 7 En Rama 2021,Spain,26,3.9,images/Carballal_Sete_Cepas_7_En_Rama_2021.jpg,,Rías Baixas,Carballal,"citrus fruit, earth","Pasta, Shellfish, Vegetarian, Appetizers and snacks, Lean fish",Albariño
Pedro Méndez As Abeleiras Blanco 2021,Spain,45,3.9,images/Pedro_Mndez_As_Abeleiras_Blanco_2021.png,images/bottle_Pedro_Mndez_As_Abeleiras_Blanco_2021.png,Rías Baixas,Pedro Méndez,"citrus fruit, earth","Pasta, Shellfish, Vegetarian, Appetizers and snacks, Lean fish",Albariño
Do Ferreiro (Bodegas Gerardo Mendez) Cepas Vellas Rias Baixas Albariño 2023,Spain,79.99,4.2,images/Do_Ferreiro_Bodegas_Gerardo_Mendez_Cepas_Vellas_Ri.png,images/bottle_Do_Ferreiro_Bodegas_Gerardo_Mendez_Cepas_Ve.png,Rías Baixas,Do Ferreiro (Bodegas Gerardo Mendez),"earth, citrus fruit, tree fruit, microbio, oak, spices, tropical fruit, vegetal, non oak, floral, black fruit, dried fruit","Pasta, Shellfish, Vegetarian, Appetizers and snacks, Lean fish",Albariño
Grifalco Aglianico del Vulture 2021,Italy,33,4,images/Grifalco_Aglianico_del_Vulture_2021.png,images/bottle_Grifalco_Aglianico_del_Vulture_2021.png,Aglianico del Vulture,Grifalco,"earth, oak, black fruit, red fruit, non oak, spices, microbio, floral, dried fruit, citrus fruit, vegetal, tree fruit, tropical fruit","Beef, Pasta, Lamb","Primitivo, Aglianico, Negroamaro, Nero d'Avola"
Do Ferreiro (Bodegas Gerardo Mendez) Tomada do Sapo 2023,Spain,65,4,images/Do_Ferreiro_Bodegas_Gerardo_Mendez_Tomada_do_Sapo_.jpg,,Rías Baixas,Do Ferreiro (Bodegas Gerardo Mendez),,"Pasta, Shellfish, Vegetarian, Appetizers and snacks, Lean fish",Albariño
Raúl Pérez Atalier 2023,Spain,43,4.1,images/Ral_Prez_Atalier_2023.png,images/bottle_Ral_Prez_Atalier_2023.png,Rías Baixas,Raúl Pérez,"citrus fruit, earth, tree fruit, oak, microbio, floral, tropical fruit, spices, vegetal, non oak, red fruit","Pasta, Shellfish, Vegetarian, Appetizers and snacks, Lean fish",Albariño
Cantina del Taburno Bue Apis 2015,Italy,88.39,4.1,images/Cantina_del_Taburno_Bue_Apis_2015.png,images/bottle_Cantina_del_Taburno_Bue_Apis_2015.png,Taburno,Cantina del Taburno,"black fruit, oak, earth, red fruit, non oak, spices, microbio","Beef, Pasta, Lamb","Primitivo, Aglianico, Negroamaro, Nero d'Avola"
Elena Catalano Aglianico 2015,Italy,17.62,3.8,images/Elena_Catalano_Aglianico_2015.jpg,,Sannio,Elena Catalano,,"Beef, Pasta, Lamb","Primitivo, Aglianico, Negroamaro, Nero d'Avola"
Carboniste Albariño Extra Brut 2023,United States,28.99,4.1,images/Carboniste_Albario_Extra_Brut_2023.png,images/bottle_Carboniste_Albario_Extra_Brut_2023.png,California,Carboniste,"tree fruit, citrus fruit, earth, tropical fruit, microbio, oak, non oak, vegetal, spices, dried fruit, red fruit, floral","Shellfish, Appetizers and snacks, Lean fish, Aperitif","Chardonnay, Pinot Noir"
Hobo Branham Rockpile Vineyard Aglianico 2023,United States,30,3.7,images/Hobo_Branham_Rockpile_Vineyard_Aglianico_2023.jpg,,Rockpile,Hobo,"black fruit, red fruit, tropical fruit, spices, earth, non oak, oak",,
Domaine des Cavarodes Franche-Comté Blanc 2020,France,114,4.1,images/Domaine_des_Cavarodes_Franche_Comt_Blanc_2020.png,images/bottle_Domaine_des_Cavarodes_Franche_Comt_Blanc_20.png,Vin de Pays,Domaine des Cavarodes,"earth, tree fruit, citrus fruit, non oak, spices, oak, vegetal",,
Foral de Melgaço Old Vines Alvarinho 2024,Portugal,16.99,4.2,images/Foral_de_Melgao_Old_Vines_Alvarinho_2024.png,images/bottle_Foral_de_Melgao_Old_Vines_Alvarinho_2024.png,Monção e Melgaço,Foral de Melgaço,"tree fruit, citrus fruit, earth, tropical fruit, vegetal, red fruit","Shellfish, Vegetarian, Appetizers and snacks","Arinto de Bucelas, Loureiro, Alvarinho, Azal, Avesso, Batoca"
Ingleside Albariño 2023,United States,24.95,3.7,images/Ingleside_Albario_2023.jpg,,Virginia,Ingleside,"tree fruit, citrus fruit, earth, floral, tropical fruit, microbio, oak","Pork, Shellfish, Poultry, Appetizers and snacks, Lean fish",
J. Scott Albariño 2022,United States,24,3.8,images/J_Scott_Albario_2022.jpg,,Washington,J. Scott,"citrus fruit, tree fruit, earth, microbio, tropical fruit, oak",,
Azienda Agricola Tinessa Ognostro Rosso 2020,Italy,66,3.9,images/Azienda_Agricola_Tinessa_Ognostro_Rosso_2020.png,images/bottle_Azienda_Agricola_Tinessa_Ognostro_Rosso_202.png,Taurasi,Azienda Agricola Tinessa,"earth, oak, black fruit, red fruit, non oak, spices, floral, vegetal, microbio, dried fruit, citrus fruit","Beef, Pasta, Lamb","Primitivo, Aglianico, Negroamaro, Nero d'Avola"
Domaine de la Tournelle Ambre de Savagnin 2017,France,73,4.2,images/Domaine_de_la_Tournelle_Ambre_de_Savagnin_2017.png,images/bottle_Domaine_de_la_Tournelle_Ambre_de_Savagnin_2.png,Arbois,Domaine de la Tournelle,"citrus fruit, tree fruit, earth, non oak, oak, spices, dried fruit, vegetal, microbio","Mature and hard cheese, Poultry, Mushrooms, Mild and soft cheese",Chardonnay
Licia Albariño 2023,Spain,17.99,3.8,images/Licia_Albario_2023.png,images/bottle_Licia_Albario_2023.png,Rías Baixas,Licia,"tree fruit, citrus fruit, earth, vegetal, tropical fruit, microbio, oak, non oak, spices, floral, dried fruit, black fruit","Pasta, Shellfish, Vegetarian, Appetizers and snacks, Lean fish",Albariño
Pedro Méndez Tresvellas 2020,Spain,63,4.3,images/Pedro_Mndez_Tresvellas_2020.jpg,,Rías Baixas,Pedro Méndez,,"Pasta, Shellfish, Vegetarian, Appetizers and snacks, Lean fish",Albariño
Lagar Da Condesa Albariño Rías Baixas 2022,Spain,21.99,3.8,images/Lagar_Da_Condesa_Albario_Ras_Baixas_2022.png,images/bottle_Lagar_Da_Condesa_Albario_Ras_Baixas_2022.png,Rías Baixas,Lagar Da Condesa,"citrus fruit, tree fruit, earth, oak, tropical fruit, microbio, non oak, spices, vegetal, floral, dried fruit, red fruit","Pasta, Shellfish, Vegetarian, Appetizers and snacks, Lean fish",Albariño
Amevive Albariño 2023,United States,39,4.2,images/Amevive_Albario_2023.jpg,,Alisos Canyon,Amevive,"earth, tree fruit, citrus fruit","Pasta, Rich fish (salmon, tuna etc), Shellfish, Vegetarian, Poultry, Lean fish",
Théo Dancer Jurassique Savagnin 2022,France,95,4.2,images/Tho_Dancer_Jurassique_Savagnin_2022.jpg,,Vin de France,Théo Dancer,,,
Azienda San Martino Sciummà Aglianico del Vulture 2020,Italy,19,3.9,images/Azienda_San_Martino_Sciumm_Aglianico_del_Vulture_2.jpg,,Aglianico del Vulture,Azienda San Martino,,"Beef, Pasta, Lamb","Primitivo, Aglianico, Negroamaro, Nero d'Avola"
Quintodecimo Vigna Grande Cerzito Taurasi Riserva 2018,Italy,200,4.5,images/Quintodecimo_Vigna_Grande_Cerzito_Taurasi_Riserva_.png,images/bottle_Quintodecimo_Vigna_Grande_Cerzito_Taurasi_R.png,Taurasi,Quintodecimo,"black fruit, oak, earth, non oak, red fruit, spices, dried fruit, floral, citrus fruit, vegetal","Beef, Pasta, Lamb","Primitivo, Aglianico, Negroamaro, Nero d'Avola"
Pazo de Villarei Abadia do Seixo Rias Baixas Albariño 2023,Spain,16.99,3.7,images/Pazo_de_Villarei_Abadia_do_Seixo_Rias_Baixas_Albar.png,images/bottle_Pazo_de_Villarei_Abadia_do_Seixo_Rias_Baixa.png,Rías Baixas,Pazo de Villarei,"citrus fruit, tree fruit, earth, vegetal, tropical fruit, floral, oak, spices, microbio, non oak, dried fruit","Pasta, Shellfish, Vegetarian, Appetizers and snacks, Lean fish",Albariño
Paoloni Aglianico 2017,Mexico,39.59,4.2,images/Paoloni_Aglianico_2017.jpg,,Valle de Guadalupe,Paoloni,"black fruit, earth, oak",,
Vigne Sannite Aglianico Sannio 2018,Italy,26,3.3,images/Vigne_Sannite_Aglianico_Sannio_2018.png,images/bottle_Vigne_Sannite_Aglianico_Sannio_2018.png,Sannio,Vigne Sannite,"red fruit, oak, black fruit, spices, non oak, floral, vegetal, microbio","Beef, Pasta, Lamb","Primitivo, Aglianico, Negroamaro, Nero d'Avola"
Nanclares y Prieto Soverribas Albariño 2022,Spain,59,3.9,images/Nanclares_y_Prieto_Soverribas_Albario_2022.png,images/bottle_Nanclares_y_Prieto_Soverribas_Albario_2022.png,Rías Baixas,Nanclares y Prieto,"citrus fruit, earth, tree fruit, microbio, floral, spices, vegetal, oak, red fruit, non oak","Pasta, Shellfish, Vegetarian, Appetizers and snacks, Lean fish",Albariño
Zárate Tras da Viña Albariño 2022,Spain,59.99,4,images/Zrate_Tras_da_Via_Albario_2022.png,images/bottle_Zrate_Tras_da_Via_Albario_2022.png,Rías Baixas,Zárate,"citrus fruit, tree fruit, earth, microbio, oak, non oak, vegetal, spices, tropical fruit, floral, black fruit, red fruit","Pasta, Shellfish, Vegetarian, Appetizers and snacks, Lean fish",Albariño
Passo delle Tortore Sasso Serra Irpinia Aglianico 2021,Italy,47,4.1,images/Passo_delle_Tortore_Sasso_Serra_Irpinia_Aglianico_.png,images/bottle_Passo_delle_Tortore_Sasso_Serra_Irpinia_Agl.png,Irpinia,Passo delle Tortore,"red fruit, spices, oak, earth, non oak","Beef, Pasta, Lamb","Primitivo, Aglianico, Negroamaro, Nero d'Avola"
